Id,Prediction
1264,5
1265,4
1266,4
1267,1
1268,5
1269,3
1270,5
1271,4
1272,1
1273,5
1274,5
1275,4
1276,1
1277,2
1278,4
1279,5
1280,1
1281,5
1282,5
1283,1
1284,5
1285,1
1286,1
1287,3
1288,1
1289,5
1290,4
1291,2
1292,5
1293,1
1294,4
1295,2
1296,5
1297,5
1298,5
1299,1
1300,3
1301,4
1302,5
1303,3
1304,3
1305,5
1306,2
1307,4
1308,5
1309,5
1310,2
1311,4
1312,2
1313,5
1314,4
1315,5
1316,2
1317,1
1318,3
1319,5
1320,1
1321,2
1322,2
1323,3
1324,2
1325,5
1326,6
1327,1
1328,1
1329,3
1330,1
1331,2
1332,3
1333,4
1334,3
1335,3
1336,2
1337,5
1338,1
1339,5
1340,2
1341,5
1342,4
1343,4
1344,5
1345,2
1346,5
1347,3
1348,2
1349,5
1350,4
1351,3
1352,1
1353,5
1354,1
1355,3
1356,1
1357,3
1358,5
1359,2
1360,5
1361,2
1362,2
1363,4
1364,4
1365,4
1366,1
1367,2
1368,4
1369,4
1370,5
1371,5
1372,4
1373,5
1374,5
1375,4
1376,2
1377,4
1378,3
1379,1
1380,6
1381,2
1382,4
1383,3
1384,5
1385,4
1386,2
1387,1
1388,5
1389,1
1390,2
1391,1
1392,6
1393,1
1394,1
1395,4
1396,4
1397,5
1398,6
1399,2
1400,3
1401,1
1402,3
1403,2
1404,4
1405,5
1406,6
1407,5
1408,5
1409,2
1410,6
1411,2
1412,5
1413,2
1414,3
1415,6
1416,2
1417,5
1418,1
1419,1
1420,3
1421,2
1422,3
1423,2
1424,4
1425,5
1426,4
1427,2
1428,4
1429,4
1430,4
1431,4
1432,5
1433,2
1434,1
1435,4
1436,3
1437,4
1438,5
1439,5
1440,5
1441,1
1442,5
1443,3
1444,5
1445,2
1446,4
1447,5
1448,1
1449,2
1450,3
1451,1
1452,2
1453,4
1454,4
1455,1
1456,3
1457,2
1458,2
1459,2
1460,3
1461,4
1462,2
1463,3
1464,4
1465,2
1466,4
1467,3
1468,1
1469,5
1470,4
1471,4
1472,5
1473,5
1474,4
1475,4
1476,4
1477,5
1478,2
1479,2
1480,2
1481,3
1482,3
1483,2
1484,4
1485,5
1486,3
1487,4
1488,5
1489,1
1490,4
1491,4
1492,3
1493,2
1494,4
1495,5
1496,1
1497,2
1498,5
1499,4
1500,3
1501,2
1502,4
1503,5
1504,2
1505,5
1506,3
1507,6
1508,5
1509,2
1510,4
1511,1
1512,1
1513,5
1514,5
1515,5
1516,4
1517,2
1518,4
1519,4
1520,6
1521,6
1522,5
1523,5
1524,4
1525,4
1526,2
1527,5
1528,2
1529,5
1530,5
1531,3
1532,1
1533,3
1534,5
1535,5
1536,2
1537,4
1538,5
1539,4
1540,1
1541,2
1542,3
1543,4
1544,3
1545,2
1546,2
1547,6
1548,5
1549,5
1550,2
1551,4
1552,4
1553,1
1554,5
1555,1
1556,4
1557,5
1558,1
1559,2
1560,4
1561,2
1562,2
1563,1
1564,5
1565,3
1566,1
1567,3
1568,3
1569,2
1570,4
1571,4
1572,4
1573,4
1574,4
1575,2
1576,5
1577,3
1578,3
1579,3
1580,5
1581,2
1582,1
1583,4
1584,3
1585,4
1586,5
1587,4
1588,1
1589,4
1590,2
1591,1
1592,1
1593,4
1594,5
1595,3
1596,4
1597,5
1598,3
1599,4
1600,3
1601,3
1602,1
1603,5
1604,6
1605,5
1606,1
1607,4
1608,5
1609,5
1610,3
1611,2
1612,4
1613,3
1614,4
1615,3
1616,5
1617,1
1618,1
1619,3
1620,1
1621,4
1622,3
1623,2
1624,3
1625,3
1626,2
1627,4
1628,2
1629,5
1630,4
1631,5
1632,1
1633,1
1634,4
1635,6
1636,3
1637,5
1638,1
1639,5
1640,5
1641,5
1642,5
1643,2
1644,5
1645,4
1646,4
1647,5
1648,1
1649,2
1650,4
1651,4
1652,1
1653,1
1654,1
1655,4
1656,3
1657,2
1658,6
1659,5
1660,4
1661,1
1662,6
1663,5
1664,1
1665,4
1666,5
1667,3
1668,1
1669,5
1670,3
1671,2
1672,2
1673,6
1674,2
1675,5
1676,5
1677,1
1678,5
1679,3
1680,5
1681,2
1682,5
1683,2
1684,4
1685,4
1686,5
1687,1
1688,5
1689,4
1690,2
1691,2
1692,4
1693,3
1694,4
1695,4
1696,5
1697,4
1698,2
1699,4
1700,2
1701,6
1702,4
1703,4
1704,1
1705,4
1706,4
1707,4
1708,5
1709,4
1710,4
1711,2
1712,4
1713,2
1714,5
1715,2
1716,5
1717,4
1718,5
1719,2
1720,5
1721,5
1722,5
1723,4
1724,5
1725,5
1726,2
1727,1
1728,2
1729,5
1730,4
1731,5
1732,2
1733,3
1734,4
1735,5
1736,6
1737,4
1738,4
1739,5
1740,4
1741,5
1742,3
1743,5
1744,4
1745,1
1746,6
1747,3
1748,5
1749,6
1750,5
1751,5
1752,3
1753,4
1754,2
1755,1
1756,2
1757,3
1758,2
1759,3
1760,3
1761,4
1762,2
1763,4
1764,4
1765,3
1766,3
1767,4
1768,4
1769,5
1770,1
1771,4
1772,6
1773,3
1774,2
1775,3
1776,4
1777,5
1778,6
1779,5
1780,5
1781,4
1782,4
1783,4
1784,1
1785,5
1786,4
1787,3
1788,1
1789,3
1790,2
1791,4
1792,4
1793,2
1794,5
1795,6
1796,4
1797,5
1798,5
1799,5
1800,5
1801,5
1802,5
1803,5
1804,4
1805,5
1806,1
1807,1
1808,4
1809,1
1810,6
1811,5
1812,2
1813,1
1814,4
1815,5
1816,1
1817,5
1818,6
1819,2
1820,4
1821,3
1822,4
1823,5
1824,5
1825,5
1826,5
1827,5
1828,4
1829,2
1830,3
1831,2
1832,5
1833,2
1834,5
1835,4
1836,2
1837,1
1838,5
1839,1
1840,3
1841,4
1842,2
1843,2
1844,4
1845,2
1846,3
1847,5
1848,3
1849,2
1850,5
1851,2
1852,5
1853,4
1854,5
1855,3
1856,5
1857,5
1858,6
1859,1
1860,1
1861,3
1862,2
1863,4
1864,6
1865,2
1866,3
1867,1
1868,5
1869,2
1870,5
1871,4
1872,2
1873,5
1874,4
1875,6
1876,2
1877,4
1878,4
1879,5
1880,4
1881,5
1882,2
1883,2
1884,5
1885,4
1886,1
1887,5
1888,4
1889,4
1890,4
1891,2
1892,2
1893,2
1894,3
1895,5
1896,1
1897,4
1898,2
1899,5
1900,4
1901,5
1902,4
1903,3
1904,2
1905,5
1906,5
1907,2
1908,6
1909,5
1910,2
1911,4
1912,5
1913,3
1914,5
1915,4
1916,4
1917,5
1918,4
1919,5
1920,4
1921,2
1922,2
1923,5
1924,5
1925,6
1926,5
1927,3
1928,4
1929,1
1930,1
1931,5
1932,5
1933,2
1934,3
1935,4
1936,5
1937,5
1938,1
1939,3
1940,4
1941,1
1942,4
1943,4
1944,6
1945,5
1946,4
1947,4
1948,4
1949,2
1950,5
1951,6
1952,2
1953,2
1954,5
1955,4
1956,2
1957,4
1958,3
1959,4
1960,4
1961,3
1962,4
1963,5
1964,2
1965,2
1966,1
1967,4
1968,3
1969,2
1970,1
1971,4
1972,2
1973,4
1974,2
1975,2
1976,3
1977,4
1978,1
1979,2
1980,4
1981,5
1982,2
1983,2
1984,2
1985,1
1986,3
1987,6
1988,4
1989,3
1990,5
1991,5
1992,4
1993,5
1994,4
1995,5
1996,5
1997,5
1998,4
1999,3
2000,5
2001,4
2002,2
2003,5
2004,3
2005,1
2006,4
2007,5
2008,3
2009,4
2010,1
2011,1
2012,4
2013,3
2014,2
2015,5
2016,2
2017,1
2018,2
2019,2
2020,4
2021,3
2022,1
2023,4
2024,5
2025,1
2026,2
2027,5
2028,1
2029,5
2030,6
2031,2
2032,1
2033,2
2034,2
2035,4
2036,3
2037,5
2038,2
2039,5
2040,3
2041,5
2042,1
2043,5
2044,1
2045,2
2046,2
2047,5
2048,1
2049,2
2050,1
2051,2
2052,4
2053,2
2054,5
2055,3
2056,4
2057,4
2058,5
2059,5
2060,2
2061,5
2062,3
2063,4
2064,1
2065,3
2066,3
2067,3
2068,3
2069,5
2070,4
2071,4
2072,5
2073,6
2074,4
2075,4
2076,2
2077,5
2078,3
2079,3
2080,3
2081,1
2082,4
2083,4
2084,4
2085,4
2086,3
2087,4
2088,3
2089,5
2090,2
2091,5
2092,4
2093,2
2094,4
2095,4
2096,5
2097,4
2098,5
2099,1
2100,1
2101,4
2102,4
2103,2
2104,3
2105,1
2106,4
2107,2
2108,1
2109,2
2110,4
2111,4
2112,5
2113,3
2114,2
2115,3
2116,4
2117,2
2118,4
2119,2
2120,5
2121,5
2122,3
2123,4
2124,3
2125,1
2126,4
2127,3
2128,4
2129,5
2130,4
2131,5
2132,5
2133,3
2134,4
2135,2
2136,3
2137,4
2138,2
2139,2
2140,2
2141,4
2142,4
2143,2
2144,3
2145,2
2146,2
2147,2
2148,1
2149,3
2150,5
2151,3
2152,1
2153,5
2154,4
2155,2
2156,4
2157,1
2158,1
2159,2
2160,5
2161,5
2162,3
2163,5
2164,3
2165,4
2166,1
2167,3
2168,3
2169,2
2170,3
2171,3
2172,6
2173,1
2174,5
2175,5
2176,4
2177,5
2178,5
2179,4
2180,2
2181,6
2182,4
2183,5
2184,2
2185,2
2186,1
2187,5
2188,2
2189,4
2190,3
2191,2
2192,3
2193,6
2194,1
2195,1
2196,4
2197,1
2198,5
2199,4
2200,5
2201,2
2202,4
2203,3
2204,3
2205,2
2206,2
2207,4
2208,4
2209,3
2210,4
2211,3
2212,2
2213,4
2214,1
2215,2
2216,2
2217,5
2218,4
2219,4
2220,5
2221,2
2222,4
2223,1
2224,2
2225,5
2226,4
2227,3
2228,2
2229,4
2230,3
2231,4
2232,1
2233,2
2234,3
2235,4
2236,2
2237,3
2238,4
2239,2
2240,5
2241,2
2242,3
2243,4
2244,5
2245,4
2246,5
2247,1
2248,3
2249,5
2250,5
2251,5
2252,3
2253,4
2254,4
2255,4
2256,5
2257,5
2258,1
2259,4
2260,4
2261,2
2262,2
2263,1
2264,2
2265,2
2266,4
2267,4
2268,4
2269,4
2270,5
2271,5
2272,3
2273,4
2274,3
2275,5
2276,4
2277,2
2278,5
2279,4
2280,5
2281,2
2282,2
2283,4
2284,3
2285,3
2286,1
2287,5
2288,4
2289,4
2290,4
2291,4
2292,6
2293,6
2294,5
2295,3
2296,5
2297,4
2298,5
2299,4
2300,4
2301,2
2302,5
2303,4
2304,2
2305,5
2306,4
2307,3
2308,1
2309,2
2310,4
2311,1
2312,1
2313,4
2314,5
2315,2
2316,2
2317,5
2318,2
2319,2
2320,5
2321,2
2322,2
2323,3
2324,3
2325,4
2326,1
2327,5
2328,5
2329,6
2330,3
2331,3
2332,4
2333,4
2334,5
2335,3
2336,2
2337,5
2338,1
2339,2
2340,5
2341,2
2342,5
2343,3
2344,4
2345,3
2346,4
2347,2
2348,6
2349,1
2350,3
2351,3
2352,2
2353,2
2354,5
2355,5
2356,6
2357,2
2358,4
2359,5
2360,5
2361,3
2362,1
2363,2
2364,4
2365,5
2366,4
2367,4
2368,2
2369,2
2370,5
2371,4
2372,5
2373,5
2374,3
2375,2
2376,2
2377,3
2378,5
2379,5
2380,5
2381,1
2382,4
2383,4
2384,4
2385,4
2386,1
2387,5
2388,5
2389,2
2390,4
2391,6
2392,3
2393,3
2394,4
2395,4
2396,4
2397,3
2398,3
2399,5
2400,4
2401,1
2402,1
2403,6
2404,4
2405,3
2406,1
2407,5
2408,4
2409,5
2410,4
2411,5
2412,2
2413,2
2414,4
2415,2
2416,3
2417,4
2418,4
2419,4
2420,3
2421,1
2422,4
2423,6
2424,4
2425,3
2426,5
2427,6
2428,1
2429,4
2430,1
2431,4
2432,2
2433,1
2434,3
2435,4
2436,3
2437,3
2438,5
2439,4
2440,1
2441,5
2442,5
2443,3
2444,3
2445,4
2446,5
2447,4
2448,1
2449,3
2450,2
2451,1
2452,2
2453,3
2454,5
2455,4
2456,5
2457,2
2458,5
2459,4
2460,5
2461,3
2462,5
2463,2
2464,2
2465,5
2466,2
2467,5
2468,1
2469,2
2470,4
2471,1
2472,5
2473,3
2474,5
2475,1
2476,5
2477,4
2478,2
2479,1
2480,2
2481,5
2482,2
2483,4
2484,4
2485,3
2486,5
2487,2
2488,1
2489,4
2490,4
2491,1
2492,1
2493,3
2494,6
2495,4
2496,5
2497,1
2498,2
2499,4
2500,1
2501,4
2502,4
2503,1
2504,5
2505,4
2506,4
2507,6
2508,5
2509,4
2510,3
2511,4
2512,2
2513,2
2514,5
2515,5
2516,1
2517,5
2518,2
2519,2
2520,2
2521,5
2522,5
2523,2
2524,2
2525,5
2526,5
2527,5
